system,L,r,Gr
ew,128,1,1.117474e+00
ew,128,2,2.100136e+00
ew,128,3,3.076328e+00
ew,128,4,4.051597e+00
ew,128,5,5.027444e+00
ew,128,6,5.993939e+00
ew,128,7,6.945413e+00
ew,128,8,7.893309e+00
ew,128,9,8.837114e+00
ew,128,10,9.762164e+00
ew,128,11,1.067185e+01
ew,128,12,1.156327e+01
ew,128,13,1.244537e+01
ew,128,14,1.332245e+01
ew,128,15,1.418383e+01
ew,128,16,1.503524e+01
ew,128,17,1.586485e+01
ew,128,18,1.666962e+01
ew,128,19,1.745587e+01
ew,128,20,1.822648e+01
ew,128,21,1.897009e+01
ew,128,22,1.971837e+01
ew,128,23,2.042900e+01
ew,128,24,2.113996e+01
ew,128,25,2.183712e+01
ew,128,26,2.252545e+01
ew,128,27,2.320280e+01
ew,128,28,2.385812e+01
ew,128,29,2.448724e+01
ew,128,30,2.510465e+01
ew,128,31,2.569502e+01
ew,128,32,2.627380e+01
ew,128,33,2.684084e+01
ew,128,34,2.739558e+01
ew,128,35,2.793780e+01
ew,128,36,2.846605e+01
ew,128,37,2.898324e+01
ew,128,38,2.949605e+01
ew,128,39,2.999177e+01
ew,128,40,3.046788e+01
ew,128,41,3.092376e+01
ew,128,42,3.135715e+01
ew,128,43,3.176762e+01
ew,128,44,3.216603e+01
ew,128,45,3.253630e+01
ew,128,46,3.288894e+01
ew,128,47,3.320933e+01
ew,128,48,3.350950e+01
ew,128,49,3.379268e+01
ew,128,50,3.407563e+01
ew,128,51,3.434136e+01
ew,128,52,3.457981e+01
ew,128,53,3.481120e+01
ew,128,54,3.503123e+01
ew,128,55,3.523379e+01
ew,128,56,3.541410e+01
ew,128,57,3.557006e+01
ew,128,58,3.572337e+01
ew,128,59,3.585618e+01
ew,128,60,3.595703e+01
ew,128,61,3.603880e+01
ew,128,62,3.610463e+01
ew,128,63,3.614561e+01
ew,128,64,3.615829e+01
kpz,128,1,9.968643e-01
kpz,128,2,1.962032e+00
kpz,128,3,2.903287e+00
kpz,128,4,3.821861e+00
kpz,128,5,4.724437e+00
kpz,128,6,5.609186e+00
kpz,128,7,6.473082e+00
kpz,128,8,7.318448e+00
kpz,128,9,8.144926e+00
kpz,128,10,8.942981e+00
kpz,128,11,9.722216e+00
kpz,128,12,1.047622e+01
kpz,128,13,1.120439e+01
kpz,128,14,1.190495e+01
kpz,128,15,1.258102e+01
kpz,128,16,1.323684e+01
kpz,128,17,1.386120e+01
kpz,128,18,1.445705e+01
kpz,128,19,1.503563e+01
kpz,128,20,1.559428e+01
kpz,128,21,1.613261e+01
kpz,128,22,1.664943e+01
kpz,128,23,1.714668e+01
kpz,128,24,1.762101e+01
kpz,128,25,1.807627e+01
kpz,128,26,1.851307e+01
kpz,128,27,1.892221e+01
kpz,128,28,1.930391e+01
kpz,128,29,1.967072e+01
kpz,128,30,2.002236e+01
kpz,128,31,2.036407e+01
kpz,128,32,2.068826e+01
kpz,128,33,2.099680e+01
kpz,128,34,2.129982e+01
kpz,128,35,2.159224e+01
kpz,128,36,2.187692e+01
kpz,128,37,2.214216e+01
kpz,128,38,2.239141e+01
kpz,128,39,2.262422e+01
kpz,128,40,2.284480e+01
kpz,128,41,2.305596e+01
kpz,128,42,2.325381e+01
kpz,128,43,2.345076e+01
kpz,128,44,2.364128e+01
kpz,128,45,2.382765e+01
kpz,128,46,2.399944e+01
kpz,128,47,2.415659e+01
kpz,128,48,2.430470e+01
kpz,128,49,2.444120e+01
kpz,128,50,2.457058e+01
kpz,128,51,2.468411e+01
kpz,128,52,2.477799e+01
kpz,128,53,2.487222e+01
kpz,128,54,2.495591e+01
kpz,128,55,2.503360e+01
kpz,128,56,2.510031e+01
kpz,128,57,2.516050e+01
kpz,128,58,2.522304e+01
kpz,128,59,2.528054e+01
kpz,128,60,2.533294e+01
kpz,128,61,2.537625e+01
kpz,128,62,2.541078e+01
kpz,128,63,2.542516e+01
kpz,128,64,2.542887e+01
bd,128,1,3.556178e+01
bd,128,2,4.995848e+01
bd,128,3,6.090641e+01
bd,128,4,6.989518e+01
bd,128,5,7.790443e+01
bd,128,6,8.518643e+01
bd,128,7,9.204482e+01
bd,128,8,9.903045e+01
bd,128,9,1.052428e+02
bd,128,10,1.110338e+02
bd,128,11,1.168672e+02
bd,128,12,1.223679e+02
bd,128,13,1.280391e+02
bd,128,14,1.334573e+02
bd,128,15,1.387623e+02
bd,128,16,1.441355e+02
bd,128,17,1.489137e+02
bd,128,18,1.538618e+02
bd,128,19,1.585162e+02
bd,128,20,1.630261e+02
bd,128,21,1.674058e+02
bd,128,22,1.718076e+02
bd,128,23,1.762601e+02
bd,128,24,1.804160e+02
bd,128,25,1.841452e+02
bd,128,26,1.876593e+02
bd,128,27,1.913111e+02
bd,128,28,1.949717e+02
bd,128,29,1.988294e+02
bd,128,30,2.023421e+02
bd,128,31,2.055705e+02
bd,128,32,2.085099e+02
bd,128,33,2.117045e+02
bd,128,34,2.146065e+02
bd,128,35,2.175797e+02
bd,128,36,2.201372e+02
bd,128,37,2.229247e+02
bd,128,38,2.252588e+02
bd,128,39,2.279377e+02
bd,128,40,2.303065e+02
bd,128,41,2.326771e+02
bd,128,42,2.349047e+02
bd,128,43,2.369550e+02
bd,128,44,2.391544e+02
bd,128,45,2.410774e+02
bd,128,46,2.427852e+02
bd,128,47,2.443552e+02
bd,128,48,2.462428e+02
bd,128,49,2.478596e+02
bd,128,50,2.495642e+02
bd,128,51,2.505487e+02
bd,128,52,2.517600e+02
bd,128,53,2.531241e+02
bd,128,54,2.543952e+02
bd,128,55,2.554363e+02
bd,128,56,2.568505e+02
bd,128,57,2.576821e+02
bd,128,58,2.585534e+02
bd,128,59,2.592164e+02
bd,128,60,2.597153e+02
bd,128,61,2.603342e+02
bd,128,62,2.605469e+02
bd,128,63,2.606299e+02
bd,128,64,2.606594e+02
eden,128,1,2.654121e+00
eden,128,2,5.365840e+00
eden,128,3,8.079844e+00
eden,128,4,1.076686e+01
eden,128,5,1.339824e+01
eden,128,6,1.595580e+01
eden,128,7,1.848533e+01
eden,128,8,2.097023e+01
eden,128,9,2.339029e+01
eden,128,10,2.576918e+01
eden,128,11,2.808557e+01
eden,128,12,3.037012e+01
eden,128,13,3.261152e+01
eden,128,14,3.482740e+01
eden,128,15,3.700184e+01
eden,128,16,3.911541e+01
eden,128,17,4.118918e+01
eden,128,18,4.320947e+01
eden,128,19,4.520035e+01
eden,128,20,4.716750e+01
eden,128,21,4.911211e+01
eden,128,22,5.100883e+01
eden,128,23,5.286418e+01
eden,128,24,5.470199e+01
eden,128,25,5.648773e+01
eden,128,26,5.823436e+01
eden,128,27,5.996098e+01
eden,128,28,6.163547e+01
eden,128,29,6.325461e+01
eden,128,30,6.482143e+01
eden,128,31,6.632918e+01
eden,128,32,6.778297e+01
eden,128,33,6.919082e+01
eden,128,34,7.054699e+01
eden,128,35,7.182105e+01
eden,128,36,7.303715e+01
eden,128,37,7.421537e+01
eden,128,38,7.538529e+01
eden,128,39,7.650447e+01
eden,128,40,7.759203e+01
eden,128,41,7.861850e+01
eden,128,42,7.958682e+01
eden,128,43,8.052393e+01
eden,128,44,8.142416e+01
eden,128,45,8.230738e+01
eden,128,46,8.315342e+01
eden,128,47,8.396893e+01
eden,128,48,8.472701e+01
eden,128,49,8.546516e+01
eden,128,50,8.614301e+01
eden,128,51,8.677166e+01
eden,128,52,8.734785e+01
eden,128,53,8.789701e+01
eden,128,54,8.839074e+01
eden,128,55,8.880773e+01
eden,128,56,8.918574e+01
eden,128,57,8.952084e+01
eden,128,58,8.982088e+01
eden,128,59,9.006502e+01
eden,128,60,9.026287e+01
eden,128,61,9.043178e+01
eden,128,62,9.055199e+01
eden,128,63,9.063137e+01
eden,128,64,9.065227e+01
rd,128,1,2.873711e+04
rd,128,2,2.954172e+04
rd,128,3,2.801327e+04
rd,128,4,2.880245e+04
rd,128,5,2.974399e+04
rd,128,6,2.947336e+04
rd,128,7,2.850768e+04
rd,128,8,2.874770e+04
rd,128,9,2.785449e+04
rd,128,10,2.827692e+04
rd,128,11,2.857157e+04
rd,128,12,2.911728e+04
rd,128,13,2.818750e+04
rd,128,14,2.996184e+04
rd,128,15,2.876684e+04
rd,128,16,2.919809e+04
rd,128,17,2.913250e+04
rd,128,18,2.830550e+04
rd,128,19,2.831705e+04
rd,128,20,2.712164e+04
rd,128,21,2.881396e+04
rd,128,22,2.894197e+04
rd,128,23,2.866760e+04
rd,128,24,2.962650e+04
rd,128,25,2.879775e+04
rd,128,26,2.794930e+04
rd,128,27,2.900526e+04
rd,128,28,2.881283e+04
rd,128,29,2.858612e+04
rd,128,30,2.904647e+04
rd,128,31,2.857339e+04
rd,128,32,2.864729e+04
rd,128,33,2.847495e+04
rd,128,34,2.823706e+04
rd,128,35,2.929506e+04
rd,128,36,2.911665e+04
rd,128,37,2.890009e+04
rd,128,38,2.744308e+04
rd,128,39,2.749372e+04
rd,128,40,2.889930e+04
rd,128,41,2.832672e+04
rd,128,42,2.830888e+04
rd,128,43,2.901236e+04
rd,128,44,2.956155e+04
rd,128,45,2.881943e+04
rd,128,46,2.919165e+04
rd,128,47,2.770432e+04
rd,128,48,2.859385e+04
rd,128,49,2.752161e+04
rd,128,50,2.964917e+04
rd,128,51,2.925912e+04
rd,128,52,2.722707e+04
rd,128,53,2.970053e+04
rd,128,54,2.893421e+04
rd,128,55,3.019277e+04
rd,128,56,2.775032e+04
rd,128,57,2.980775e+04
rd,128,58,2.807912e+04
rd,128,59,2.801534e+04
rd,128,60,2.850945e+04
rd,128,61,2.805385e+04
rd,128,62,2.795166e+04
rd,128,63,2.750450e+04
rd,128,64,2.812420e+04
ks,128,1,4.513677e-02
ks,128,2,1.804049e-01
ks,128,3,4.053787e-01
ks,128,4,7.193507e-01
ks,128,5,1.121335e+00
ks,128,6,1.610074e+00
ks,128,7,2.184039e+00
ks,128,8,2.841445e+00
ks,128,9,3.580253e+00
ks,128,10,4.398182e+00
ks,128,11,5.292719e+00
ks,128,12,6.261133e+00
ks,128,13,7.300481e+00
ks,128,14,8.407630e+00
ks,128,15,9.579263e+00
ks,128,16,1.081190e+01
ks,128,17,1.210190e+01
ks,128,18,1.344551e+01
ks,128,19,1.483882e+01
ks,128,20,1.627785e+01
ks,128,21,1.775852e+01
ks,128,22,1.927667e+01
ks,128,23,2.082808e+01
ks,128,24,2.240850e+01
ks,128,25,2.401365e+01
ks,128,26,2.563925e+01
ks,128,27,2.728099e+01
ks,128,28,2.893461e+01
ks,128,29,3.059586e+01
ks,128,30,3.226054e+01
ks,128,31,3.392450e+01
ks,128,32,3.558367e+01
ks,128,33,3.723402e+01
ks,128,34,3.887164e+01
ks,128,35,4.049271e+01
ks,128,36,4.209348e+01
ks,128,37,4.367035e+01
ks,128,38,4.521981e+01
ks,128,39,4.673846e+01
ks,128,40,4.822306e+01
ks,128,41,4.967047e+01
ks,128,42,5.107769e+01
ks,128,43,5.244185e+01
ks,128,44,5.376022e+01
ks,128,45,5.503021e+01
ks,128,46,5.624937e+01
ks,128,47,5.741538e+01
ks,128,48,5.852605e+01
ks,128,49,5.957935e+01
ks,128,50,6.057337e+01
ks,128,51,6.150634e+01
ks,128,52,6.237662e+01
ks,128,53,6.318271e+01
ks,128,54,6.392322e+01
ks,128,55,6.459692e+01
ks,128,56,6.520267e+01
ks,128,57,6.573947e+01
ks,128,58,6.620646e+01
ks,128,59,6.660287e+01
ks,128,60,6.692808e+01
ks,128,61,6.718155e+01
ks,128,62,6.736288e+01
ks,128,63,6.747180e+01
ks,128,64,6.750812e+01
